Tweet,clasif
   si no lo hace aqu√≠ ya no me importa,negativo
 vamosamerica ,neutral
    mufe a fidalgo,neutral
     jajajaja jaja no sean ogts,positivo
  con que poquito les endulza el oido el  y el  al final van a traer a otros 4 troncazos de laterales y no a los que estan abarajados y si traen a kevin alvarez van a romper el vestuario con su socio el reyes y el delantero que traigan va a ser un fiasco,negativo
   jajajajaj mira qui√©n habla el que se avent√≥ 23 a√±os para volver a ser campe√≥n,neutral
rt  federico vi√±as pasa al le√≥n  con esto se abre otra plaza de extranjero en ,neutral
  no logro entender como nos eliminaron,negativo
 ya vienes al  ,neutral
     como si lo fueras a pagar t√∫ ,neutral
rt     les ves caras de italianos a estos cabr0nes ,neutral
   amigos no creo por un traspaso se deben estar haciendo estos mov√≠mientos  quiz√°s por kevin,negativo
rt  primer refuerzo de  via  ,neutral
"   ya denle un rato al america total que puede pasar 
este como ya lo odian como comentarista la neta quiere cambiar de aires  
por su boca no tarda en estar como payaso en los sem√°foros cuando lo echen",negativo
rt      israel reyes y kevin alvarez despu√©s de hacer un trio con nailea,neutral
     hahahahahaha,neutral
     al rato como c√≥rdoba y vigon ,neutral
rt  ser√≠a mucho pedir a kevin alvarez casi cerrado y compitiendo por la titularidad a barbosa por supuesto que se vaya lay√∫n,neutral
 me gusta para el   para tapar la baja de aquino,neutral
  a donde se va o que,neutral
"rt  sorpresa amigos del  kevin alvarez se vestir√≠a de √°guila 
qu√© opinan ",neutral
  no,negativo
   si no es qui√±ones yo rescatatar√≠a a ib√°√±ez de tigres,negativo
    comoquiera van a vv en tu estadio y con tu gente seguiremos siendo los mejores de mty as√≠ traigan a pep guardiola siempre nos pelaran toda la v jajajajaja son la verg√ºenza y burla de mty rayados perdedores,negativo
  es su momento,neutral
   esta semana soy m√°s tigre que batocletti y due√±as,neutral
rt  gracias  por dejarme ser parte de tu historia gracias a los jugadores a la directiva a todos los empleados,positivo
  la verdad no,negativo
vete a la verga  ya llevo como tres d√≠as sin dormir bien no mamen salen con sus mamadas de seguro todo arregladote todo mal se vi√≥ bien falso no era para que acabara as√≠ no mamen ya son muchas chingaderas y siempre los mismo no es normal,negativo
    ojala se refuersen bien para que puedan dar batalla en liguilla por que los que tienen se cagan ,negativo
a√∫n siguen escondidos y avergonzados los de el  jejejeje ,neutral
   salados y eres de cruz azul jajaja tantita madre g√ºey,positivo
   porfa √©l pans y la utileros que le van a dar a este t√©cnico que sea talla caguama jajaja pobre sabe que es tan malo como comentarista y que lo estamos destrozando por todos lados que ya quiere mejor ser dt,positivo
    jaja la opini√≥n de un porro que se cree universitario no vale l√°rgate a ba√±ar mariguano apestas a tacos de canasta y thinner,positivo
es semana de final del futbol mexicano y los tt s en tuiter desde el domingo son acerca del ave acaso a nadie le importa quien sea campe√≥n hasta el  su portada hoy fue sobre el ,neutral
  regresa tano,neutral
    hubiera estado mejor barbosa de atlas  y a menos precio kevin jugo mal el torneo pasado y su carta est√° muy inflada  pero ya se adquiri√≥ un posici√≥n importante  falta defensa central y un recambio bueno en la delantera,positivo
 c√°mara ,neutral
  aqu√≠ es ,neutral
 traigan al fantasmita  ,neutral
     a nadie le importan los equipos regios excepto a los regios  ya kyncn,neutral
  alfredo tena,neutral
demasiado humo aunque parece ser que en esta ocasi√≥n nadie pero nadie sabe cienciacierta que pasara con las salidas y llegadas en el  todo mundo esta tirando nombres he informaci√≥n confirmada a ver cual es la que pega,neutral
  diego vald√©s y c√°ceres ser√≠an ventas a europa no son moneda de cambio en liga mx,negativo
 el pr√≥ximo dt debe ser nagelsmann o gallardo jam√°s en la vida diego alonso,neutral
     d√≥nde dice que yo lo quiero  si me preguntas si es mejor cambio que vi√±as si solo digo que conociendo como se ha manejado ba√±os el siguiente paso cantado es ir por el mexicano llega gratis y es un referente en el club,positivo
"  venta a europa  
jajajajaja 
pobre chavo ya echo a perder su carrera con esos salados ",negativo
  si ya lo intentaron con solari por que ahora no intentarlo con guti,negativo
" jugadorazo de esos incomprendidos que echan a perder su carrera ellos mismos

uno con los que fantaseaba que llegara al  despu√©s de su paso en el  era el momento id√≥neo",negativo
     bro tiene 25 a√±os crees que a sus 26 o 27 se va a ir a europa por 10 mdd crees que va a ser titular en selecci√≥n considerando que hay uno m√°s joven en cantera del barca uno que nos guste o no en ajax y huescas con posibilidades de ir al psv a buen precio y m√°s joven,positivo
        leyenda,neutral
   aguirre es bueno para equipos chicos y salvarlos del descenso,positivo
    pobre ya echo a perder su carrera y jam√°s saldr√° campe√≥n con esos salados mediocres,negativo
    fake,neutral
  todo gracias a emilio es quien est√° haciendo los movimientos que el pendej0 de ba√±os nunca puede hacer,positivo
   este cabeza oxigenada no le veo nada bueno,positivo
el muy mediocre  dice que  es un equipo perdedor el payaso en cuesti√≥n solo logro un t√≠tulo de liga en 14 a√±os que diambul√≥ en  y fue adem√°s directivo de la √©poca m√°s mediocre de  el perdedor adem√°s jugo en el irrelevante jerez espa√±ol,negativo
    truncando carreras como siempre,neutral
 fueradiegovaldes  ,neutral
     jajaja pendejazo usted que no conoce en que posici√≥n juega cada uno ,positivo
     xddddddddddd,neutral
  mugroso p√°jaro de malahuero est√° fue la que le hecho la sal al am√©rica jajaja sigue apoyando a los tuyo con suerte los rematas jajajajaj,positivo
  completamente mal fuentes quien te lo va a aceptar de cambio lay√∫n ya est√° pensando en el retiro as√≠ que cu√°l cambi√≥ y d√≥nde dejas a c√°ceres que pidi√≥ su salida y diego valdez,negativo
  uff ser√≠an casi 20 millones para la lateral derecha ,neutral
    nahhh el se va a europa ,neutral
"  tiene buenas estad√≠sticas entonces opino que si deber√≠an llegar a un acuerdo adem√°s es mexicano 

america y ya los dem√°s son copias",positivo
    que en paz descanse su carrera ,positivo
   as√≠ como israel reyes en su momento buenos en equipos medianitos,neutral
     para que quieres a raul jim√©nez de regreso,neutral
     muy cierto est√°n hablando del tremendo fracaso de los dizque equipos grandes con 40 puntos y queriendo demostrar grandeza l√°stima ah√≠ ser√° para la pr√≥xima,negativo
a dormir tranquilo porfin no veremos m√°s a layun en el ame ,positivo
rt  y la flamante direcci√≥n deportiva del  seguir√° desmintiendo a los medios o ya tendr√° a alguien para sacar del ri,neutral
"  no se rick parece falso
m√°s cuando mi compadre empieza a hablar de la posibilidad con los porcentajes",negativo
  c√≥mo debe de ser,neutral
  que si nos gusta es un deseo frustrado mientras siga en la presidencia ba√±os a este t√©cnico le gusta escoger a sus jugadores y no que se los impongan,negativo
  kevin podr√≠a ser el siguiente paul aguilar ambos se forjaron en pachuca,neutral
 un saludo desde m√©xico se extra√±a tu garra en el m√°s grande  tiempos oscuros se viven ahora,positivo
" se vestir√° de azulcrema el director t√©cnico mexicano javier aguirre respondi√≥ a los rumores que lo vinculan como el nuevo entrenador del 

",neutral
 si  quiere un buen central y lateral este tipo y rivero los harian ganar varios t√≠tulos ,positivo
  con 1 dejas a layun de suplente o subes a alguien de las inferiores por izquierda traes a campos orquin y fuentes de suplentes,neutral
      rayos ,neutral
  me encantas un buen,neutral
   no que no iria a ningun equipo aqui el fue el que rechazo a rayados y tigres la temporada pasada,negativo
     qui√±ones no es un delantero centro puro,negativo
rt  kevin √°lvarez al  y fede vi√±as al  con mis ojos cerrados ,neutral
"  fueraba√±os 
fueraba√±os
fueraba√±os 
fueraba√±os",neutral
rt  captan a mando de la  cuando golpe√≥ a un adulto mayor con un bast√≥n retr√°ctil los hechos ocurrieron en el √°ngel,positivo
  solo tendr√≠a 1 la de roger martinez no cuenta ya que para el siguiente torneo se iban a reducir las plazas de extranjeros yo esperar√≠a la baja de pedro aquino y desde mi punto de vista los dem√°s extranjeros si tendr√≠an que quedar adicional a las bajas de jugadores mexicanos,negativo
   si que lo contraten yo estoy de acuerdo todos los equipos de la ligamx estamos de acuerdo,positivo
    ni aunque venga messi y cristino me vuelvo a ilusionar con el ave ,neutral
y una vez m√°s el  y  pueden ir a chingar a su madre ,neutral
  k verg√ºenza de directivos del am√©ricaesos chayoteros lame botas de ba√±os esos reporteros coludidos,negativo
  ba√±os no tarda en traer a otro roger el enga√±a pendejos mart√≠nez,negativo
  muchos hoy en d√≠a no mas por que tenemos buenos micr√≥fonos pensamos que somos como ustedes,negativo
  que no llega chingao  que no por que publican pendejdas,negativo
  nel,neutral
  pues viendo algo bueno de este desastre es que parece que por fin haran limpieza menos mal que el hipopotamo de roger quedaba libre el peor fichaje de lo que va del siglo si no es que el peor de la historia,negativo
rt  los reporpromotor y los reporfans no tienen idea  si aguirre o alonso llega al  seguir√≠an en lo mismo cometiend,negativo
    es mejor que barbosa,positivo
rt  entiende  mientras sigas prescindiendo de  y el promotor nazareno marcollese as√≠ traigas a pepe guardiol,neutral
    ese qui√©n es bro,neutral
   estar√≠a bien nos falta un l√≠der que ponga huevos y no arrugue,negativo
"rt  vamos √°guilas vamos am√©rica  

ùêâùüèùüî  ùêÄùê¶√©ùê´ùê¢ùêúùêö ùêØùê¨ ùêèùêÆùê¶ùêöùê¨
  22 de abril
  2110 horas
  
fan id ùêé",neutral
  entonces t√≠o jerry quien deber√≠an de ser el nuevo dt,neutral
  pasen de la que est√°n fumando,neutral
      jajajajajajjajsja es q quien no,negativo
  no te vayas a torcer del coraje tio jerry,negativo
    ahuevo lo eligi√≥ el nuevo t√©cnico seguramente vdd o ya lo impuso ba√±os ,neutral
 como pasamos de gallardo al vasco ,neutral
   ah cabr√≥n hasta visor me sali√≥,neutral
     no mames el ca√±ito que tira messi al final es de otro nivel ,negativo
   ya lo segu√≠a nmms jajaj,neutral
   ser√≠a un terrible error esperemos que m√°ximo tengan 8 7 ser√≠a perfecto,negativo
    esto ser√° √©pico que manden a chasm a reyes,neutral
"  yo ya me iba a dormir pero te pones de pechito

",neutral
" ser√≠a otro error de la directiva del   

vidal no es y no tiene nada que hacer en am√©rica

hay 10 mejores antes que √©l",negativo
   ya we ae encuentra en negociacion con toda la liga mx jajajajja,neutral
   se debe fichar mejor eso es seguro pero tambi√©n estoy casi seguro de que van a buscar tener a los 10 extranjeros en la plantilla,positivo
"   es que con salidas a europa se pueden liberar casi la mitad 
c√°ceres 
vald√©s 
richard 
los tres con chances de ir al viejo continente y entre la prisa no vaya a ser que traigan algo peor jaja",negativo
    perdedor como el america,negativo
   no no son en plantel son en cancha  pero con la experiencia de roger creo ya les qued√≥ muy claro,negativo
   y por lo que se ha comentado al parecer tmb se va c√°ceres que esperemos que sea vdd ,neutral
    primero amarrado qui√±ones se acabo el dia de ayer y ya nada hoy luego kevin ma√±ana ya casi cerrado omar campos o mateus doria ya es de risa esto,positivo
      el kevin anduvo antes con la morra que es novia de isra reyes ,neutral
     caro tiene todo el futuro por delante 23 torneos buenos sin contar que pueda y sea campe√≥n otra vez y cuando se venda a europa se recupera esa lana,positivo
   es lo que digo yo en am√©rica tiene mucha presi√≥n d√©jenlo que juegue con le√≥n y lo vamos a querer de regreso,neutral
rt  aqu√≠ debe de funcionar el fan id  o habr√° quedado como un proceso absurdo que viola la privacidad de las pe,negativo
    ma√±ana sigue doria,neutral
   hasta d√≥nde s√© la nueva regla dice que se baja de 8 a 7 en campo no s√© si tambi√©n baja de 10 a 9 en el plantel,negativo
   ese wey la va a romper con el le√≥n,neutral
     no hab√≠a pensado en eso ajajajajajajajjaja que gozadaa ser√° si viene ser√≠a muy turbio ser compa√±ero de equipo del ex de t√∫ novia,negativo
   2 la de roger es la del nuevo reglamento,neutral
  eso s√≠ no regresa mer√©,neutral
     si mario carrillo cr√≠tico a fidalgo y mira yo no se que le ven es un jugador de estad√≠sticas pero en un partido dif√≠cil no te marca diferencia no individualiza no nada,negativo
   ya vieron desde donde empiezan con la instrucci√≥n del lavadero v√≠a europa  2024  desde la mera televia patrocinador de tigres rayados y am√©rica y alineados con fema y cemex    ,neutral
   kevin alvarez debe ser √°guila firmenlo ya ,neutral
  y de arturo vidal que se sabe ,neutral
    todos los que tienen el cabello blanco o plateado se les funden las neuronas y se preocupan m√°s por su pelito que por jugar viene a peinarse con israel reyes,neutral
  mi sobrino dice que es el ideal,neutral
"es casi un hecho lo de kevin alvarez al america 
pero yo hubiera preferido a barboza
siento que esta en mejor momento fue de lo mejorcito de atlas en su espantoso juego contra chivas y no esta tan caro como kevin pero oye si fichan a kevin pues muy bien tambi√©n",positivo
   trae la playera de chivas m√°s puesta que amaury vergara,neutral
     en que forma tuvo pasado americanista el yayo disculpa mi ignorancia,negativo
"  firmo que est√© mercado sea kevin campos y qui√±ones y por ah√≠ un central ra√∫l no puede competirle a henry hoy por mas que el
coraz√≥n diga que si ra√∫l no est√°",negativo
"rt  gracias fernando ortiz por haber formado parte de las √°guilas
suerte en tus futuros proyectos
somosam√©rica ",positivo
"

ra√∫l jim√©nez podr√≠a sentarse a negociar con el  si se baja su salario  a esperar que decide el mexicano",positivo
  no,negativo
   ese cabron es m√°s chiva que el mismo escudo,neutral
  tiene un potencial enorme aunque le falta pulirse defensivamente con los entrenadores correctos puede volverse el mejor lateral de la liga,positivo
     otero porque es una basura reyes hizo buen torneo liguilla del asco y adem√°s otero fue m√°s por la presi√≥n de la gente no porque ba√±os lo quisiera fuera,negativo
  si sucede eso ser√≠a la estafa del a√±o para grupo pachuca xd,negativo
  espero que sea venta definitiva y que nunca vuelva a pisar las instalaciones del club ojal√° se confirme,neutral
    pos no eran la aplanadora quien los entiende,negativo
  si que venga,neutral
  ganamos se√±ores,neutral
     otero dur√≥ un torneo,neutral
   ni se te ocurra x desgracia el nivel de ra√∫l jim√©nez no es √≥ptimo para competir aqu√≠ solo lo van a reventar cada fin de semana si vas a traer 1 delantero dbe ser juli√°n qui√±ones al ,negativo
"    nuestra defensa parece una boy band kevin alvarez sebastian casceres y el israel reyes no asustan a nadie 
donde quedo el capit√°n furia pablo aguilar tipos duros y feos",negativo
    faltar√≠a omar campos fel√≠x torres de santos  y le traer√≠a de nuevo a lescano que jugaba en ju√°rez,neutral
  si  fox vive del   y m√°s andr√© marin   tiene  a lado  a  y a rub√©n rodrigues que son americanistas y yayo tambi√©n tubo pasado americanista  etc,negativo
     pura calidad,neutral
     si es por vi√±as yo te dir√≠a ll√©vatelo y es m√°s yo te pago pero ya ll√©vatelo,neutral
    tambi√©n la coca ina es muy popular y utilizada por muchas personas y no por eso es buena,positivo
"  no con     
we la carrilla hay que aguantarla ni pedo",negativo
kevin √°lvarez al  y fede vi√±as al  con mis ojos cerrados ,neutral
  miguel angel ficha a quiquesanchezflores si se va el entrenador de ahora al  ,neutral
   ya son amiguis azc√°rraga y mart√≠nez,neutral
   sin duda ,negativo
    as√≠ le digo a tu mam√° le gusta que le hable sucio a la puerca,negativo
  no mameeees ,negativo
     creo que fueron dos una donde dec√≠a que el nuevo t√©cnico del am√©rica ser√≠a mikel herrer√≠n y esta  ,neutral
   ahora necesitamos a un entrenador exigente y un delantero que le haga competencia a  henry,negativo
     lleva un torneo no creo,negativo
   ser√≠a √°lvarez o barbosa y se ocupa un central lider,neutral
     tuitazo bro,neutral
   a√∫n as√≠ es demasiado es un ld,neutral
   ya se hab√≠an tardado ,neutral
  no,negativo
  jjajajajajaj ya tampoco mamen si tampoco es fifa con que llegue uno ya es bueno,positivo
    todav√≠a no traen al t√©cnico y ya tienen a su primer refuerzo que buena planeaci√≥n jajajajja,negativo
"  su √∫ltimo torneo con pachuca no fue el mejor en selecci√≥n ha quedado a deber pero ya sabemos el nivel que puede dar personalmente me parec√≠a en estos momentos mejor barbosa por el momento que vive y por el precio
ahora a buscar un lateral izquierdo",positivo
     lo de qui√±ones ser√≠a la bomba  de los √∫ltimos a√±os,negativo
   pd vaya usted a chingar a su pta madre sin el no se apure no se pierde,negativo
  yo con que llegue qui√±ones y alan cervantes o omar campos soy feliz,positivo
   ahuevo q si,neutral
 es correcto la liga vive de   pierda o gane,neutral
  no creo que lo puedan pagar al final saldr√°n con una ridiculez estilo america,negativo
  con todos estos nuevos fichajes y que por fin se est√°n haciendo las cosas bien el otro torneo tenemos que ganarlo caminando,neutral
  que falta que se quiera ir vi√±as,neutral
   les pesa la playera por eso no sirven en am√©rica y es lo que pasa la mayor√≠a de las veces en am√©rica no sirven y en otros clubs son l√≠deres ah√≠ la grandeza de m√≠ equipo que no cualquier petardo es l√≠der,negativo
     ese we jajajajajjajajajaja,neutral
ser√≠a mucho pedir a kevin alvarez casi cerrado y compitiendo por la titularidad a barbosa por supuesto que se vaya lay√∫n   ,neutral
     falta qui√±ones y un t√©cnico de jerarquia,neutral
   les dije que vi√±as era moneda de cmabio,neutral
"  opciones que deber√≠an ser para dt para el america
mario salas dt de chile
marcelino garcia toral
tite 
hern√°n crespo",neutral
"        √°ngel fern√°ndez fue un destacado reportero de 
exc√©lsior  en la secci√≥n de deportes",neutral
     ahora traen a hakimi bro,neutral
"   opciones que deber√≠an ser para dt para el america
mario salas dt de chile
marcelino garcia toral
tite 
hern√°n crespo",neutral
  kevin ya est√° casi cerrado v√≠a  ,neutral
   arriba los tigres de la universidad aut√≥noma de nuevo le√≥n ,neutral
     vi√±as  5m,neutral
  pffff va a haber pedos en la defensa vs israel reyes jejeje pero al fin vamos a tener un lateral decente ,neutral
     neta crees que el grupo pachuca es tan pendejo si el est√° tasando a kevin en 10 mdd y pide 6 y vi√±as es porque claramente est√° tardando a vi√±as en al menos 3 mdd,positivo
  falta campos barbosa y julian qui√±ones,neutral
"  julio ib√°√±ez 

en este momento no ay nada con kevin alvarez muy dif√≠cil en estos momentos que am√©rica haga ese trueque 
el m√°s cerca es ch√°vez de san luis y compita con layun verdad ",negativo
  ah no ma no me la creo,negativo
    pero que se pinte el pelo,neutral
    jajaja como le hacemos entender a estos aficionados que nunca podr√°n ser campeones,positivo
"sorpresa amigos del  kevin alvarez se vestir√≠a de √°guila 
qu√© opinan ",neutral
   tiene pinta de ser a futuro un gran entrenador pero est√° muy verde y es normal es un novato interino qued√≥ demostrado en las 3 semifinales que perdi√≥ por falta de madurez y experiencia que solo te la da el tiempo o los a√±os,negativo
   yo hasta no ver no creer en estos tiempos mucho humo,negativo
  en chile quiere poner a vidal en club america jehe,neutral
  jajajaja el que tiene la cara de mojon mongol,neutral
  jajajajajajaja ya valio la defensa del  con el pendejo de    ese wey ya no sirve,negativo
     jajajajajajaja,neutral
     entiendo que para nosotros no vale nada pero para los promotores y equipos si por ser joven y uruguayo sin problemas le pueden sacar de 23 mdd,negativo
     dio la nota ayer,neutral
     jajaja cual,positivo
  ahora si no hay pretexto para buscar un 9 que meta goles importantes no un triplete a mazatlan como henry el proximo torneo lo tenemos que jugar con otro delantero de jerarqu√≠a que sea el titular y henry de suplente,negativo
     no vale a vi√±as y dinero no mames,negativo
  se viene el prime de vi√±as jajaja,positivo
   yo creo que el we la caga mucho peeero est√° dentro de fox y seguro sabe cosas de los equipos de casa,positivo
  qui√±ones para que le quite la titularidad al raquetin pecho fr√≠o,neutral
  muy caro para un club que ya no tiene el dinero de antes ni el mejor jugador del plantel cobra lo que cobra gallardo,positivo
   no we dijieron que i√±arritu es el que se est√° encargando de eso,negativo
   y no lo segu√≠a,negativo
  pero no es oficial bro no entiendo por qu√© creer lo que dice rub√©n,negativo
  la verdad que ya estoy arto de  y m√°s de ustedes  no que europa no que blabla lo que pas√≥ con paul aguilar con pizarro  al  y mandar a  al le√≥n tantita madre pachuca ,negativo
   lo malo ser√≠a la edad,negativo
  ok de acuerdo y despu√©s las dem√°s posiciones   con el fichaje de kevin se  acaba el presupuesto haha,positivo
d√≠a 3 de carrilla  seguimos firmes  arriba el ,neutral
    jam√°s voy a creer nada que venga del tipo que se comi√≥ una noticia fake del t√≠o wilo,positivo
     jajajajajaajajajaja,neutral
"  y con la de aquino x campos una m√°s 
aquino 
vi√±as 
roger 
3 plazas que se deben aprovechar al m√°ximo",neutral
  nico d√≠az,neutral
  y julian qui√±ones,neutral
    se va a ir reyes,neutral
" la √©pica ante el  les dio la motivaci√≥n extra para esta final 

ligabbvamx ",positivo
  ojal√° se pudiera a los dos ser√≠a un sue√±o despu√©s de los dos muertos que ten√≠amos en esa lateral jajaja ,positivo
    a ver si as√≠ se pone las pilas israel ,neutral
                as√≠ es  adem√°s tiene que hacer una limpia comenzando por los futbolistas que siempre cometen errores puntuales y groseros,negativo
     que tiene que ver reyes si no juegan la misma posici√≥n ,negativo
  la plaza q libera vi√±as debe ocuparla este se√±or      ,neutral
"  dejen a ba√±os trabajar 
alch si se arma si se los chingo rico",positivo
  falta campos y barbosa,neutral
    es que kevin si me gusta pero para m√≠ no vale lo que piden,negativo
   tienes raz√≥n no son 5 son 6 a√±os 2 miserables goles en 6 a√±os de liguillas,negativo
  ya du√©rmete un rato,neutral
  entonces el am√©rica ya es compa del grupo ranchuca,neutral
"   que pueda hacer algo relevante en otro club nos debe importar una mierda

ya demostr√≥ que aqu√≠ no vale as√≠ que sus viudas se pueden ir con el a chingar a su madre junto con el",negativo
   firmaarturo ,neutral
    hasta que no lo vea en coapa festejo,negativo
  le sumaria a matheus doria y aldo rocha,neutral
    en un ratito el reporteamigo de ba√±os saldr√° a desmentir todo,neutral
      qu√© disculpe    pero as√≠ sea la final final y no este el am√©rica se habla primero del m√°s grande ca  que de cualquier final acost√∫mbrate am√©rica y ya ,neutral
rt  bonito domingo   ,positivo
"    israel reyes y kevin alvarez despu√©s de hacer un trio con nailea vidrio 
",neutral
rt  ay√∫dame mas inches rateros ,neutral
"  disponible para venir al f√∫tbol mexicano

les gustar√≠a para el  ",neutral
     vi√±as no vale ni un kilo de carne carnal jajaja que se vaya ya alv,positivo
  d√≥nde lo firmamos pero ojo a solari le tendieron la cama por disciplinado y a este nadie le puede llevar la contra  cosa que veo de maravilla pero es un arma de doble filo,positivo
rt  ser√≠a mucho pedir a kevin alvarez y compitiendo por la titularidad a barbosa por supuesto que se vaya lay√∫n  ,neutral
   al jardine,neutral
  ah√≠ viene el poderoso oterogol,positivo
  a parte uno de los dos si llega,neutral
  pero hay que esperar acu√©rdate que a ba√±os se le caen los fichajes de √∫ltimo minuto,negativo
   no fueron 10 alo mucho 7 o 6 por q vi√±as va a leon,negativo
  exacto ,neutral
  as√≠ es no ten√≠an que contratar a los hermanos dos santos y otros en resumen no saben contratar,neutral
   agr√©gale que tambi√©n despiden a ba√±os,neutral
  gracias a dios    lamentablemente se tienen que venir estos fracasos dolorosos para que sucedan estas cosas,neutral
    todavia ni es seguro luego ni llegan y andan echando madres hay que esperar,positivo
    jakajajaj y el israel,neutral
  hasta que parece que tenemos directiva,neutral
"rt    comunicado oficial
fernando ortiz
somosam√©rica ",neutral
  gastar 10mdd en un lateral  cu√°ntas posiciones juega kevin √°lvarez,neutral
     que se largue la letrina con patas,neutral
  apuesto lo que quieran a que ese kbron va a ser una vrg lo que no pudo ser en el am√©rica,negativo
"     vi√±as vale 2 millones
entonces queda en 45 no est√° tan mal es lo que costo reyes",negativo
  kevin √°lvarez campos barbosa qui√±ones y un buen t√©cnico con huevos lo firm√≥ donde quieran,neutral
  ya es oficial lo de kevin,neutral
    esta novela va estar buena ,positivo
    se necesita reforzar una zona donde se ocupaba bien el √∫ltimo gran refuerzo de pachuca siempre es recordado como el gran paul aguilar,neutral
  atacante extranjero orlegui,neutral
    entonces ya tenemos defensa laterales campos x aquino  otros jugador random kevin x vi√±as mucha lana ,neutral
  gracias carni0 goles por,positivo
    aweboooooooooooo,neutral
  ya viene uno de los 2 por eso pido a los 2 jejeje,neutral
  imagina que el fichaje se caiga porque el carnicero quiere su oportunidad 382939291939392929 en el am√©rica,positivo
    que cancer es el hartz en tiempos de fichajes me cae de puta madre le da rt hasta a una cuenta random guatemalteca,negativo
    ufff,neutral
    gracias a dios se va el pendej√≥ de vi√±as,positivo
    la buena es que por fin se ir√≠a vi√±as ojal√° y busquen un killer,neutral
rt      si va a ser vi√±as m√°s 6 o 7 mdd esta caro no lo vale con la salida d,positivo
  si lo s√© pero so√±ar no cuesta nada ya nos deben muchos campeonatos,negativo
     en efecto ,neutral
"    es un lateral con buena pegada y puede jugar de volante en cualquier emergencia
es el primer  ahora solo falta que no le pese la playera",negativo
    se queda barbosa en atlas ahuevooo,neutral
    otro paul aguilar 20 ,neutral
  no creo que pase pero seg√∫n layun termina contrato hasta diciembre,negativo
federico vi√±as pasa al le√≥n  con esto se abre otra plaza de extranjero en ,neutral
    si va a ser vi√±as m√°s 6 o 7 mdd esta caro no lo vale con la salida de vi√±as el siguiente movimiento l√≥gico es el regreso de ra√∫l jim√©nez,positivo
"rt  me parece que en las redes sociales y medios de comunicaci√≥n se est√° hablando m√°s de  y  

que de la f",neutral
    ojal√° llegue y ocasione que se largue el pendejazo de israel reyes,neutral
los reporpromotor y los reporfans no tienen idea  si aguirre o alonso llega al  seguir√≠an en lo mismo cometiendo errores de ni√±os de kinder,negativo
"  creo que solo 1 podr√≠a llegar kevin seguro quiere ir a europa y con barbosa ser√≠a mucho m√°s dif√≠cil pero al final el club y el dinero manda 
me sorprende que una negociaci√≥n con grupo pachuca se cerrara antes que una con orlegi",positivo
   te mamaste con ese apodo de cara de cuyo jajajaja nmms,neutral
    lo bueno que se va vi√±as,positivo
  lay√∫n terminar√° contrato dicen,neutral
  estoy hablado del carril derecho por izquierda tiene que venir campos y subir a orquin,neutral
  le pides mucho a esa sanguijuela de ba√±os vamos a terminar rafita puente se sabe fueraba√±os,neutral
"rt  atenci√≥n aficionados del  
la directiva azulcrema contact√≥ al t√©cnico andr√© jardine actual entrenador",neutral
primer refuerzo de  via  ,neutral
  no eso es tirar el dinero barbosa no domina lateral izquierdo,negativo
"rt  seguimos con las novedades aficionados de  
las √°guilas no solo contactaron a andr√© jardine tambi√©n a ",negativo
ser√≠a mucho pedir a kevin alvarez y compitiendo por la titularidad a barbosa por supuesto que se vaya lay√∫n   ,neutral
"rt  la conversaci√≥n no es chivas finalista

la conversaci√≥n soy yo

quiero y puedo dirigir al  ",negativo
rt  estoy listo  ,negativo
   mejor apoyo al equipo que si es uno de los grandes para q le callen la boca a esos que si son equipos chicos vamos por  la octava  apenas les da para compararse con pumas o algo as√≠,positivo
   ni madres jueguen su final ,neutral
  creia que el popo era el √∫nico que tiraba humo ,neutral
  te traicionaste a ti mismo y a tu filosof√≠a dec√≠as hasta el cansancio este equipo siempre sale a proponer a ganar  partidos no sabe  otra manera y el domingo en vez de salir a matar al rival jugabas con el marcador metiste 2 contenciones 2 defensas incre√≠ble como te traicionaste,negativo
rt  habr√° aficionados del   yo  que nos apoye en la final,neutral
  vamos  afloja la  cartera vale la pena dale una buena noticia a la afici√≥n del ,negativo
rt  los veo muy tranquilos  y a la afici√≥n creo que no dimensionan que dejaremos de ser el mas ganador si los t,positivo
rt  les gusta marcelo gallardo para nuevo dt del  ,neutral
   solo imag√≠nense por que nunca va a pasar jajajajajajaja,negativo
   que comparas aunque ganen la final no arrebasaran al am√© en nada,negativo
  como la fuiste a cagar chingas a tu puta madre,negativo
  nooooo ojal√° que no hay mejores opciones,negativo
  el c√°ncer  no tiene uta idea de quien puede ser el dt y si no llega por medio de pitz  llegar√° una ser√° alg√∫n refrito,negativo
  est√° hablando de la directiva que tiene m√°s fracasos que t√≠tulos,negativo
   y eso que mijo se est√° hablando del am√© no de las chillonas de guadalajara,negativo
hazlo  ,neutral
                 entiendo lo que dices pero prescindir es justo lo que queremos que pase compa,neutral
"ponte a trabajar en el  

d√©jate de pendejadas emilio ",neutral
 ya le pagaron al  ,neutral
  para m√≠ en mi desechable opini√≥n es el √∫nico con la categor√≠a para ser t√©cnico del am√©rica,neutral
    se supone que se est√° tirando a su hermana o a un familiar la verdad que pinches malos gustos con tanta lana de menos uno que no est√© calvo ,positivo
  bueno ahora sabemos a d√≥nde se va el dinero,positivo
  te van a mandar a pedirle disculpas al est√∫pido de ba√±os,negativo
"rt  estamos contigo  

sabemos que eres culpable por ese delito pero jamas te abandonaremos 

 ",negativo
  la noticia que todos esperamos maaaaaaaas que el numbre de alg√∫n t√©cnico es  le da las gracias a  ,positivo
  de seguro al final se quedar√°n con el cuchillo herrera o el cabez√≥n luna ,positivo
  esa es mi cuenta genio no me hago llamar as√≠ pero bueno acorde a t√∫ trabajo son tus respuestas mejor ve a seguir insultando mujeres ,positivo
  el que dej√≥ a chivas en con problemas de descenso peores que cuando lleg√≥,negativo
  poorrrrrrrrrr   es  el  mu√±eco   gallardoooooooooooooooooooo,neutral
  ya saben cuando salen a chupar pija a sudam√©rica por refuerzos ya casi es hora de cenar,negativo
 me encantar√≠a que te postularas para el   mu√©strales tu proyecto y llevanos a conseguir la 14 la 15 y m√°s,neutral
  independientemente a esos 20 minutos creo el 80 de la afici√≥n quer√≠amos que te quedar√°s en a√±os le diste una identidad un juego lindo y atractivo agradaba ver jugar al  no debiste irte podr√≠a dudar que hasta te impusieron jugar tan mal gracias ,negativo
"rt  jard√≠ne marcelo diego aguirre las opciones para dt del  

pero lo m√°s importante es correr a santiago",positivo
rt  desde que tengo memoria   ,neutral
 de acuerdo contigo   ,positivo
  y llamarse legend killer no es rid√≠culo por lo menos yo se quien soy y t√∫ te escondes en el anonimato,negativo
rt     obviamente voy con mis tigres de toda la vida por la octava ,neutral
rt     rayados ya est√° apoyando al chivas  ,neutral
rt     el jersey de los mencionados ,neutral
   a hacer sus cambios de alto impacto,neutral
  mientras ba√±os siga el equipo sigue en penumbra,neutral
"rt  vamos a por las semifinales del clausura 23  
y lo haremos junt   ",neutral
√©ste deber√≠a ser el pr√≥ximo dt del  sabe y mucho ganador s√≠ lo es no importa su pasado chiva lo que interesa al final es ganar t√≠tulos no se le dormir√≠a el gallo en finales como al otro que se fue se prepara desde la jornada 1 para ello ,positivo
    la neta compadre yo si apoyo a las chivas por mi que le cargue la vrrr a los tigres  porque chivas rayadas del gld m√°s chivista que el mismo bofo bautista ,positivo
  totalmente de acuerdo para m√≠ la mejor opci√≥n,positivo
"         d√©jense de cosas y ya aprueben el acenso y descenso como antes 
hay m√°s competencia 
sin acenso de nada sirve la liga 
dejen de hacer negocio y vean por el aficionado",positivo
  estupendo,positivo
   diego reyes lainez c√≥rdova hay que apoyar a nuestra fuerzas b√°sicas por la octava ,neutral
  gracias tano isiste un excelente trabajo,positivo
   cuantos goles se van a comer de las amazonas 45 o 6 el equipo femenil esta para semis y es mucho ya una final o un campeonato seria un milagro es una realidad,positivo
rt  fuera  del  ,neutral
"  pago una apuesta
 tambi√©n le fallo a ella",neutral
  jajajaja van a salir con el interino de fuerzas b√°sicas al m√°s puro estilo de ba√±os,neutral
    le pueden traer a messi y cristiano a vuce los va a poner a defender necesitamos otro entrenador a la de ya,neutral
  lo queremos vamossssss por la 14 ,neutral
  aslo ,neutral
  el maetro reynoso listo para ser presentado,negativo
  el rid√≠culo eres t√∫,negativo
y la flamante direcci√≥n deportiva del  seguir√° desmintiendo a los medios o ya tendr√° a alguien para sacar del ridiculo al equipo,neutral
  sign him now,neutral
 por qu√© nos da√±as tanto ,neutral
  qu√© le costaba al tano pedir √©so y adem√°s un central sobresaliente pero por andarle cuidando la cartera al patr√≥n ya vimos lo que le pas√≥,neutral
  yo quisiera que fuera el nuevo timonel el que pusiera esa lista y no un wey que no va dirigir,negativo
"      jajajaja
aprende a escribir inche burro y luego presumes tus idioteces
we
se dice wey endejo o buey como t√∫ comprender√°s ",negativo
"rt  mucho √©xito en esta nueva etapa como presidente de la 

que sea un gran camino al mundial de 2026 ",positivo
"  no chinguen dejen a almada en paz 
",positivo
   ojal√° que no con rayados no marc√≥ diferencia y se fue sin que nadie lo extra√±ara,negativo
"rt  el ciclo de layun en el  acab√≥ en el 2014

nunca tuvo que regresar y menos con trato de referente no lo m",negativo
     siempre ha sido hablar m√°s del america  van varias finales donde no est√°n las √°guilas que se habla m√°s del equipo de los finalistas importa m√°s que jugadores llegan cuales se van  el nuevo entrenador etc es el m√°s importante el america,positivo
  no le sabes al bait,negativo
  el ideal,neutral
  lo que deber√≠as redirigir es tu vida ha de ser muy agradable convivir con un eg√≥latra imbecil como t√∫,positivo
es este no hay m√°s  ,negativo
 entregar  un torneo y vs las chicas   que dignidad de estos se√±ores de no renovar ,negativo
  equis solamente en liga pero ya dieron su mejor partido a ver si les alcanza,positivo
   esto es tu culpa  ,negativo
                si carajo ya toca q le ponga atenci√≥n a lo de  quien ha tenido mas oportunidades que roger y todav√≠a a quedado peor es una malaria,negativo
  gracias por tantas alegr√≠as que nos diste que dios te bendice en donde quieras que est√©s y muchos √©xitos en tus nuevos proyectos,positivo
rt  se puede estar cayendo oaxaca a pedazos pero los americanistas no superan la derrota en el azteca   ,negativo
     claro hay niveles  ,positivo
  i can eat this,neutral
   te esperamos en el ,neutral
  es una buena opci√≥n porque no tambi√©n √°lvaro morales y mario carrillo,negativo
ent√©rate   la destacada gesti√≥n del argentino fernando ortiz como director t√©cnico del  lleg√≥ a su fin abruptamente tras sufrir una dolorosa eliminaci√≥n ante su rival hist√≥rico   ,negativo
     ok,neutral
rt  los fichajes del  si ba√±os no fuera tan pndjo ,negativo
estimado y querido  tienes que caminar con la frente en altohas sido de lo m√°s regular en el torneo errores todos los tenemos  no fue tu culpa del todo lo acontecido siempre has sido un motor en nuestro  √°nimo chaval de las derrotas siempre ,neutral
  diego martinez,neutral
"  no hay campeonatos
no hay proyecto
no hay buenos jugadores
refuerzos llegan tarde 
siempre al final terminamo como siempre 
y este hdspm sigue al mando 
 incre√≠ble ",negativo
rt    correr a luis fuente ser√≠a una de las mayores estupideces,neutral
    no falla el blindaje es solo de precio,negativo
 a ver  no que iba al ,negativo
  correr a luis fuente ser√≠a una de las mayores estupideces,neutral
  siiii mil veces,neutral
  el √∫nico que puede llevar a lo m√°s alto al ab es √°lvaro morales,neutral
"rt  con informaci√≥n de  

javier aguirre es el candidato m√°s fuerte para ser nuevo dt de  ",positivo
   desde m√°s de un a√±o ese pone a omar en am√©rica santos tiene claro que no va hacer f√°cil soltar a omar por qu√© lo ven para a europa y el tiene el sue√±o si lo venden es por todas las pretensiones que le cumpli√≥ am√©rica a santos,positivo
"   el am√©rica no es un equipo grande es una novela m√°s de televisa
marrano morales 
jajajaja",positivo
"rt  ning√∫n jugador que est√° actualmente en el am√©rica ha marcado gran diferencia fidalgo es una mentira 

exclusiva con a",neutral
  mucha pieza para un club tan naquito,neutral
  ay no ese de dt no se merece dirigir a un club tan chico como televisa fc lo van a contaminar con tanta naquez y ridiculez,negativo
  no,negativo
  diego alonso,neutral
      r√≠os tambi√©n es extracci√≥n puma,neutral
  no tienen idea del equipo donde estan,negativo
  osea eres pendejo eternamente,neutral
 jajaja pobre estupido villa villa c9mentocrata lamehuevista se habla mas del desmadre de la eliminacion del  y todo lo q se desencadeno de lo q se viene y el morbo del nuevo timonel q entrenara en coapa y los refuerzos jaja no de la final,positivo
   hocicones,neutral
 nos valen m4dre los 2 equipos  a nosotros solo nos importa lo que haga o deje de hacer el ,negativo
  si es que algun dia me lees el piojo,neutral
" no mames  

solo se banca al glorioso  los dem√°s que chasm ",negativo
  es neta,neutral
rt  el am√©rica es el √∫nico equipo que cuando gana hace feliz a la mitad de los mexicanos y cuando pierde hace feliz a la ot,positivo
 no olvides que t√∫ eres el maguito  fidalgo el crack del club m√°s grande de mexico todos nos equivocamos levanta la cara despega las alas que volver√°s m√°s fuerte grande y sabio √°nimo el  es tu casa ,positivo
  claro que no parece ser que les gusta mucho la de los nefastos argentinos,neutral
   soy aguila voy chivas,neutral
   pues lo quer√≠as para la selecci√≥n,neutral
   lastima das,neutral
  no lo pueden pagar y al tipo no le interesa venir a m√©xico,neutral
 que sabes de las wilas de la am√©rica  cuando te postulas como entrenador de las wilas ,neutral
  y las tendencias en tuiter no mienten mi clau  ,negativo
  aprende algo ,neutral
 no te vayas de este club maguitode los errores se aprende no fue culpa tuya tuviste un error es cierto pero has tenido muchos m√°s aciertos que cuentan mucho m√°s quedate por mucho tiempo m√°s en el  ,negativo
   porfavor no se traigan al tranza y vende humo de    no pudo con monterrey y a  capaz que viene a arreglar juegos por favor pi√©nsenlo mejor,positivo
  diego alonso y por qu√© nohugo s√°nchez,neutral
  gracias mijo,positivo
   amigo √°lvaro nada encontr√° de ti creeme me agradas pero la idea de que alguien fuera del √°mbito futbol√≠stico pueda tener la oportunidad de surgir en un equipo de primera divisi√≥n se me hace imposible y menos con tu pasado cruzasulino eres y ser√°s americanista por moda,negativo
   quieren traer a puro que juega un f√∫tbol aburrido y ratonero primero alonso y luego aguirre mejor nada,positivo
"rt  por andar de hocicones  

ahora quienes son los que est√°n muertos 

solo tienen grande el hocico y su cara",negativo
rt     fueraba√±os ,neutral
  fueraba√±os,neutral
  fuera ba√±os ,neutral
"  a quien revives para dirigir al am√©rica

hugo sanchez
miguel herrera 
mario carrillo",neutral
   medina es buen jugador en todos los equipos excepto en am√©rica no s√© qu√© le pasa cuando se pone la playera amarilla,negativo
  no,negativo
"    a ver vamos al punto concuerdo en que si lo deben vender pero no regalar aunque no nos guste como juega dio un buen torneo y este es el mejor momento de su valor para venderlo no regalarlo 

no solo es vender a todos a los pendejo porque est√°s enojado eso no va a pasar ",negativo
"  ya es hora de que se deshagan de vi√±as es una burla que siga en el equipo tambi√©n chava es una farsa de jugador aquino parece que es seguro que se va al fin
de todos solo dejar√≠a a leo",negativo
"no le hubiera dado un puto d√≠a de vacaciones al  a ver si as√≠ a la siguiente les vale tanto verga la eliminaci√≥n cargas dobles hasta que noten que no es momento de festejar nada 

un insulto a la afici√≥n ver como presumen sus vacaciones

pd ya vete puto ",negativo
   claro ,positivo
"rt   no queremos m√°s bomba qu√© ver a  fuera del 

 

fueraba√±os",negativo
     ese prepotente mando que se dise ser es indicativo ocelot respaldado por las ratas de m√°ximo   pero ya ai que poner un alto pueblo que chinges a su madre pinches ,neutral
     sipero se habla del fracasosososotote de ambos y no de la calidad de sus integrantes,negativo
    en la mera yugular we jajajaja saludos,positivo
   as√≠ es  que traigan jugadores que sientan y amen al club con personalidad que no les de miedo a la hora buena canteranos y refuerzos chingones sobre todo un dt con huevitos y jam√°s se eche para atr√°s a defender como equipo chico,negativo
      orientalo wee plis,neutral
   como martin qu√© desapareci√≥  en  el partido  qu√© debi√≥ ser l√≠der,neutral
 despu√©s ya no hizo esfuerzos,negativo
  ni un puto tiro hiciste en la liguilla ni uno brother ya llegale al mazatl√°n o a un equipo de esos chicos xq para ser en america un goleador est√°s muy mejor y con todo respeto,negativo
"  vali√≥ pa madre pues no estaba mazatl√°n en la liguilla  no hubo penales regalados as√≠ que en la liguilla una vez m√°s mostraste que est√°s muy abajo de ser un
cuauh caba√±as ni sus festejos mereces hacer eres con todo respeto un tronco que el america le queda grande no eres bomba",negativo
  buenas noches club y patr√≥n s√≥lo dir√© esto la eliminaci√≥n no solo es el t√©cnico sino jugadores lo principal es que tambi√©n se vaya ba√±os  se perdi√≥ de la manera m√°s tonta el domingo y no se vale que siempre salgan con gracias afici√≥n,negativo
  suscribo,neutral
  si pero no digan mamadas es imposible,negativo
rt   chivas tiene un equipo mediano  que le bast√≥ para humillar al  en su casa con su gente y fre,neutral
   mi novio atlista ahorita es tigre ,neutral
   awuevo apoyamos a los  tigres ,neutral
"rt  te amo   
no de acuerdo con la directiva",neutral
"te amo   
no de acuerdo con la directiva ",neutral
  pase lo que pase mi vida sigue,neutral
entiende  mientras sigas prescindiendo de  y el promotor nazareno marcollese as√≠ traigas a pepe guardiola el  siguiera fracasando escucha a la afici√≥n    ,neutral
rt       un placer coincidir mis queridos amigos bendiciones ,neutral
  no es necesario hacerse chaquetas mentales el mu√±eco tiene otros planes y todos lo sabemos yo creo ni a la selecci√≥n vendr√≠a,negativo
    no viste ning√∫n puto juego de rayados con este sr jugaban de la verga lo corrieron por malo no mames,negativo
  a ver chupapijas vende notas haz un trabajo serio y deja de sacudirte el ganso pensando en algo que no va a pasar la prensa amierdicanista ya no sabe qu√© inventar,neutral
  jajajaja excelente los tigres les rogamos que lo contraten por favor,positivo
  c√°llese hijo de la chingada,neutral
" fueraba√±os 

azc√°rraga hay muchas maneras de que  se vaya del clubamerica este a√±o tiene que ir por su bien y todo mundo va a estar tranquilo pero de que se va se va del 

ya basta de que este tipo en 5 a√±os no ha hecho nada y solo esta da√±ando al club",positivo
"rt  los que ser√≠an prioridad ya hay negociaciones por ellos no importa el dt que llegue  
ojal√° se cierren tod",negativo
            que se vaya gratis aqu√≠ no sirve,neutral
            jajaja va ir de shopping a europa x q quien vergas le va a   y tampoco es la panasea del futbol para q  este obsesionado x verlo en el banquillo de coapa,positivo
      pase lo que pase en la final esa ya es otra historia por lo pronto a las wilas les faltaron manos para pelarnola ,neutral
  bien dicho   se acobardo en los cambios,neutral
"  en lugar de inventar tanta metira mejor saquen la nota q al fin se va  esa es la noticia q est√° esperando la afici√≥n del  despu√©s del desastre del domingo y desde hace 5 a√±os sin t√≠tulo
fueraba√±os",positivo
   para que les lleves las aguas y les laves sus uniformes,neutral
" ya cuando mandan a la verga a todos esos jugadores in√∫tiles como 
c√°ceres
roger
vi√±as
oscar jim√©nez
jonathan dos santos",neutral
  no yo quiero que llegue el tata martino es la mejor opcion,positivo
"rt  estos jugadores ser√≠an moneda de cambio del  

vi√±as
luis fuentes
salvador reyes
lay√∫n
aquino
medina 
l",neutral
" si sabe la magnitud de lo que pas√≥ el domingo nos ganaron las chivas un cl√°sico en semifinales  
lo consideraba m√°s chingon patr√≥n pero sus decisiones con  han venido de mal a peor y ni hablar de la ",negativo
 hey patr√≥n supongo que si le tenie amor a la memoria de su padre entonces por favor haga algo por el  ya es hora de dar un muy buen golpe de autoridad sobre la mesa corra a  contrate a un buen t√©cnico y meta buenos jugadores por el amor a su padre,positivo
  eso es lo malo deciden por ellos y no lo que ellos quieran por eso se debe ir ba√±os,negativo
  jajaja gallardo no va a llegar a la liga mx,positivo
   no por favor,positivo
  es en serio aguirre para el ame nooooooooooooo  juego ratonero no le fue bien en monterrey definitivamente no convence da hueva ver su estilo de f√∫tbol,positivo
 no mms hace mas ruido la busqueda del pr√≥ximo dt del  que la final entre cornudos lafinaldeloscuernos,negativo
"  que les parece zidane 
jajajaja el am√©rica va terminar trayendo al profe cruz",neutral
 en la perra vida volver a ver a √©se pndejo y a toda su familia en el   ,negativo
    lo √∫nico que es un hecho que el  es y seguir√° siendo el m√°s ganador y que los traemos de hijos desde hace a√±os ,positivo
  lo m√°s incre√≠ble es que ya se habla de jugadores que est√°n en por llegar al  pregunto qui√©n lo pidi√≥ quien decide que esos son los que hacen falta al equipo  o ya es el t√©cnico que antes de llegar los est√° pidiendo ,positivo
 no solo fidalgo todo el  la cago el primer gol es cazeres quien se regala y pienso ya a prop√≥sito el segundo gol de primaria nadie marca y en el tercer gol  hasta se abre y pierde la marca y  sus cambios de mierda seg√∫n hab√≠a aprendido y nada,negativo
rt  oye  ya le diste las gracias al inepto de   o te vas a esperar a que pasen otros 13 a√±os como la √∫ltim,positivo
  la pregunta es  quien los pidi√≥  quien arma el equipo y por qu√© y para quien ,neutral
imaginate  valla x fernando del  y el ame x vucetich que cosas  si los doa padecieron de lo mismo en semis       capaces segun info de  lo de fdo,neutral
  no edu cuando volvi√≥ al america le dieron tantos beneficios no se que onda con estos directivos entrenadores y due√±o ya cualquiera puede ser referente,neutral
  de categor√≠a nmms,neutral
rt  se gana y se pierde  pero jam√°s se deja de amar al  ,negativo
 mucha casualidad tantos errores en momentos clave  ojal√° se vaya del equipo ojito  jugadores as√≠ no pueden estar en el club dejan mucho que pensar,negativo
rt  ptm wey chabelo s√≠ se muri√≥ a lo mero pendejo todo por su culpa est√∫pidos ,negativo
  se necesita estar muy pendejo no pudo en cruz azul ni en chivas  claramente el am√©rica fue exitoso a pesar de este pendejo el  le dio renombre a pelaez  no al rev√©s,positivo
      no creo que ese chuy sepa de equipos  menos de partidos pol√≠ticos  jeje,negativo
   no fue chivas fue el propio am√©rica as√≠ nos hubiera eliminado tu san luis la cat√°strofe hubiera sido la misma este torneo no se ten√≠a que haber perdido,negativo
 chinguen mucho a su madre pocos huevos estar√≠amos a horas de una nueva final y tuvieron que cagarse c√≥mo los detesto,neutral
  no mamen c√≥mo va ganando diego alonso quieren ver al ame con el cami√≥n atr√°s todos los partidos,positivo
  se cagaria ante la presion,neutral
     no hay pruebas pero tampoco dudas ,negativo
  correcto diste en el punto de los q suenan el √∫nico q quisiera en el am√©rica es a gallardo pero est√° muy dif√≠cil entonces almada ser√≠a muy buena contrataci√≥n,negativo
en el  est√°n contentos porque la final la transmitir√°   y  ,neutral
  barbosa y campos todavia pero los otros neee memeees,neutral
  muchas gracias tano se te va extra√±ar ,positivo
  sii,neutral
  alvaro morales ya se postulo,neutral
"rt  el  necesita un t√©cnico pero tambi√©n un l√≠der en el campo

este plantel no tiene liderazgo",negativo
  y cuando se va ba√±os,neutral
   solo porque a ustedes los mando alv pero c√≥mo se iba a venir a un equipo donde solo en su pueblo lo conocen,negativo
  leo si ama al ame se nota desde lejos no entiendo porque no jug√≥,negativo
   hahahahhahahaahhahahahaajajahahahahajajhajajajajajajajajajajahajajahahahhajajajajajahahshahajsjajajsjajajajhahahahahahahahahsjajhajajsjsjshaha,neutral
   jajajajajajaja mercenario,neutral
"rt       lic  jefe de la polic√≠a de la cdmx
su polic√≠",neutral
   viene a escribir ac√° para que se le olvide que no tiene para comer jaja,positivo
rt        no se pero desgraciadamente a ti si te creo,negativo
  queremos a ,neutral
"    nada es imposible para el am√©rica
le ganan a chivas en el torneo regulas y en la liguilla las chivas se los cojen",neutral
  a  le tiene que resindir el contrato si o si por su bsjo rendimiento y productividadaaa pero esta la miierdaa de ,neutral
fuerabanos fueraba√±os  hijo de la gran puta ya saca a  de nuestro gran ,negativo
"rt       lic  jefe de la polic√≠a de la cdmx
su feroz",neutral
   seg√∫n am√©rica tiene cerrado al lateral de pachuca tambi√©n ,neutral
"en el  desde hace tiempo que las cosas se hacen muy mal
los festejos del centenario fueron un bodrio
las playeras e indumentaria han tenido ejemplares de verg√ºenza
no existe planeaci√≥n ni estrategia en las contrataciones",negativo
      es americanista el quico y anda encabronado ,neutral
no me jodas  ya te extra√±o carajoooo  no nada m√°s hiciste jugar espectacular al equipo  hasta me di el valor de separarme con tal de ver al  del tano  vuelve ptm ,negativo
    c√≥mo puede hablar un hincha del river de grandeza si el grande y el mejor equipo de su pa√≠s es otro y ya sabes quien es jaja,positivo
"me est√° cayendo el veinte que a mis equipos no solo los eliminaron del camino por el t√≠tulo sino que los humillaron nomamar

  15
 23 reemontada  en casa y con el acerrimo
 04 barrida",negativo
  pero por supuesto mejor que el vasco aguirre y todos los que han sonado,positivo
"fueraba√±os  pecho fr√≠o  soberbio contra la afici√≥n se cansa muy r√°pido  vendi√≥ al   atlantista pendejo

c√≥mo es posible que todos sepamos que  es quien debe salir y el idiota de  no lo sepa  ",negativo
 no mames es jueves y sigo con el pinche coraz√≥n roto alv ,negativo
  viendolo bien es m√°s l√≥gico e inteligente,positivo
  buen jugado,neutral
  se respeta a los americanistas,neutral
"rt  de pagar una cl√°usula de rescisi√≥n por jardine o alg√∫n otro dt yo mejor la pagaba por guillermo almada   
qu√© opinan",positivo
el  no quita el dedo del rengl√≥n pues de acuerdo con el comunicador  abrir√≠a las cartas para hacerse de los servicios de kevin √°lvarez ,neutral
  excelente opci√≥n,positivo
   en serio lo cre√≠a m√°s inteligentes no quieren vecetich,positivo
  ese levanta muertos como el caso del ame ,neutral
  se les olvida como se ha puesto cuando nos ha enfrentado pr√°cticamente se ha peleado con todos nuestros extecnicos un tipo que no merece estar en el mejor equipo de m√©xico y que aparte nos aborrece ,negativo
se gana y se pierde  pero jam√°s se deja de amar al  ,negativo
   de una vez que est√°n con atlas que se vayan por qui√±ones ya que andan por ah√≠,neutral
de pena y verg√ºenza  esto hasta el el llano se sabe que no puedes dejar la marca y era obvio la jugada que har√≠an  la cagaste y que mejor que te fuiste jugadas que dejan mucho que pensar ojito  el enemigo est√° en casa y se llama  ,negativo
"  solo hay 2 opciones
1 almada
2 larcamon

diego alonso es d la escuela del tuca ferreti ",negativo
 deber√≠a decirle hasta siempre al c√°ncer llamado santiago ba√±os es quien tendr√≠a que dejar de existir bastante da√±o le ha hecho al ,negativo
  que rico se sinti√≥ cuando chivas te la meti√≥ con todo y bolas pinche crecido jajajajaj,positivo
  teniendo a ba√±os como directivo  no creo que venga algode categor√≠a,negativo
  puro inche we que no sabe de f√∫tbol opina aqu√≠ primero es perfil para el am√©rica segundo por qu√© juega alegremente para adelante ya debe ser el dt no mamen pasar√°n 15 d√≠as y no sabremos nada  a un puro coyote escribe pndjada,neutral
rt  estas fueron las 17 formaciones titulares de  a lo largo de la fase regular del torneo clausura 2023 ,neutral
estos pendejos nos eliminaron k verg√ºenza   ,negativo
   va a ser dt de chivas,neutral
  jajajaja y luego le echamos la culpa a   o a   ya se les olvid√≥ lo que dec√≠a de m√©xico ,negativo
 por eso el  est√° en crisis ba≈Ños teniendo un cagadero en el equipo y su due≈Ño en la pendeja total,negativo
   totalmente pero desgraciadamente ahora en el   su   tiene bastantes aplaudidores q venden humo y muchos fans muy ternuritas compran espejos ejem  fidalgo lo inflan tanto como si fuera a iniesta siendo q es un player medianito   ,neutral
 24 de mayo 2023 2105 hrs y a√∫n seguimos esperando el comunicado oficial donde agradecen el profesionalismo la entrega el trabajo bla bla bla y le desean suerte en sus pr√≥ximos proyectos al in√∫til de santiago ba√±os fueraba√±os,positivo
    cuando el naco ese tal pocho gane un mundial o champions que habl√© mientras seguir√° siendo un mediocre perdedor,negativo
   tu √≠dolo el brujo,neutral
    si se comparten las primas que no se compartan los trofeos regios al fin,negativo
ser√≠a una burla imperdonable del  hacia toda su afici√≥n ,negativo
" y el ba√±os tapados de  cuando se larga del  

fueraba√±os",neutral
  para la seleccion mexicana,neutral
  sy tiene los huevos como a muchos t√©cnicos les faltan saludos vucetich y varios mas,positivo
   voy con los tigres 1000,neutral
   chupalo,neutral
dentro de todos esta  entienden mi gente de  ya no serv√≠a aqu√≠ pero ah como joden que hubiera hecho diferencia  mira hermano jejeje ,negativo
  y las fuerzas para cuando ,neutral
"  al menos que se traiga un peso pesado

el √∫nico que se me ocurre que puede tener ese liderazgo es marche",neutral
  sue√±an,neutral
  otro wey que s√≥lo publica tonter√≠as no hay acercamiento nada,negativo
  ufff yo quitar√≠a a israel reyes,neutral
mientras tengamos al enemigo en casa  el  no va a levantar un t√≠tulo eso todos lo sabemos menos el disque americanista 1  que de americanista no tiene ni madres,negativo
   wish you well on all your new learning experiences and they prepare you to comeback i personally thought you did great  some mistakes yes but sometimes it takes a while more than 3 seasons to attain the goal,neutral
rt  el  se encuentra en negociaciones por diego barbosa del  ,neutral
  totalmente de acuerdo tiene el caracter la experiencia y la personalidad para dirigir al america,positivo
  nooooooooooo,neutral
 no seas orgulloso convence a al tano ort√≠z nuevamente,positivo
rt  estas fueron las 4 formaciones titulares de  en la fase de liguilla del torneo clausura 2023 ,neutral
rt  la afici√≥n del  en estos momentos desde la cima del √©xito  ,positivo
"ent√©rate  tras la renuncia de fernando ortiz  ya hizo una propuesta al vasco aguirre 
",negativo
     a ti si te doy la raz√≥n estamos a√±os luz hasta los gringos del f√∫tbol √©lite claro qu√© hay jugadores de sudamerica que tienen esa calidad,positivo
  nonono y mil veces no,negativo
"    a seguir callando bocas maguito 
",neutral
   estas listo para el carneo gordo vaca,negativo
  puro jugador liga de ascenso,neutral
    el america es un equipo odiado aqu√≠ en mexico pero jam√°s a descendido,negativo
rt  en el bloque final de realidades y opiniones conversamos con guillermo lemus quien comparte su an√°lisis deportivo pr,neutral
      no contesta por qu√© sabe que la tiene bien atorada en trasero,negativo
   a claro,positivo
  nooo jam√°s ,neutral
   eso para ti es consuelo cualquier equipo supongo prefiere jugar la final que leer tuits de su pr√≥ximo dt,neutral
  tano no te interesa dirigir en la mls,negativo
   y kevin alvarez,neutral
el  se encuentra en negociaciones por diego barbosa del  ,neutral
     si pero √©l tigres le gan√≥ al palmeiras de brasil en un mundial de clubes le jug√≥ de t√∫ a t√∫ al bayern nada m√°s le pudo meter un gol sudamerica tiene mucho tiempo que sus equipos no est√°n al nivel de las circunstancias,negativo
    mmmm pues esa es tu opinion brother y la respeto,neutral
     son los que m√°s aficionados entran al uni los de  menos duroooooo    vamos por la octava ,neutral
hahaha grab√© dos veces el pasado americayya y seg√∫n yo en el segundo estaba m√°s contenido y tranquilo pero si me escucho superencabronado haha disculpen el florido lenguaje pero para eso es este podcast el dejar salir toda la pasi√≥n en el an√°lisis de mi amado ,positivo
  me gusta m√°s javier aguirre pero conociendo la debilidad del due√±o por los sudamericanos y en especial por los argentinos no dudo que este sea el gan√≥n aunque desconozca el f√∫tbol mexicano,negativo
   yo se que doria esta m√°s que cerrado con tigres,neutral
 no es javier aguirre,negativo
  y marcel ruiz,neutral
"rt   mejor un hasta siempre  
eso es lo que urge 

ya p√≥ngale tantita atenci√≥n al  ya 
van 5 a√±os",positivo
rt   es una pena que tenga a gente como   fracasando rotundamente en el equipo  se le nota el cari√±o que le,neutral
   no se porqu√© no les han tenido la misma paciencia que al petardo de roger  bryan huevo lozano tambi√©n a las 1eras de cambio lo sacaron del club hoy d√≠a es uno de los mejores de la liga y el am√©rica debe darse de topes ,negativo
    totalmente cierto as√≠ lleg√≥ el tano ,positivo
"  me inclino por almada o jardine el mu√±eco no es una garant√≠a de √©xito si o s√≠ recordemos al panadero d√≠az larga fila de √©xitos en river y 

diego alonso si sali√≥ campe√≥n y todo pero en sus √∫ltimos torneos se fue peor q mohamed 

de aguirre y osorio mejor ya ni hablamos",positivo
  estando el gran santi ba√±os como directivo del club am√©rica es imposibleal primer refuerzo que pida le dir√° que no hay dinero ,negativo
 gracias a estos desvuevados ,positivo
   nooooooo no no no aguirre no sirve fracaso con la selecci√≥n dos veces de id√©ntica forma con mty tambi√©n es un t√©cnico para equipos chicos con problemas de descenso no no no,negativo
  dile a tu papa azcarraga q les compre otros 10 canpeonatos si no no van a ganar  ni mergas,positivo
  jamas,neutral
  nooo,neutral
  el america necesita un base de mexicanos solida con 4 o 5  extranjeros de jerarquia esa ha sido su historia y el sustento de sus triunfos ahora solo tenemos a malagon israel reyes henry y zendejas para ser titulares nos faltan los dos laterales y un centro delantero,negativo
 y hay peores noticias en el    sigue en el equipo fuerabanos fuerabanos,neutral
      bueno entonces esperemos a que se pague la cl√°usula haber si llega ,positivo
  son re tracalas,neutral
     imaginate que un eliminado y humillado le diga a alguien que est√° en la final que est√° sufriendo jajajajajajaja tas bien idiota compa la neta,negativo
    yo soy americanista al chile no me importa quien gane el quede campe√≥n lo tendr√° merecido pero al chile si te voy a hacer sincero ya quiero que sea domingo para tirarle carro al que pierda ,positivo
"el mu√±eco gallardo se dio el lujo de decirle que no a varios equipos europeos de la √©lite y quieren que venga al ame no mamen 

",negativo
"rt  arrancamos la semana y estamos bienydebuenas en  

qu√© est√° pasando con el volc√°n  popocatepetl 

se re√∫n",neutral
  los piojosos del   no tienen para pagarle,negativo
estas fueron las 4 formaciones titulares de  en la fase de liguilla del torneo clausura 2023 ,neutral
  el que sea pero que jueguen con huevos nada m√°s,neutral
 gracias tano,positivo
 se puede hablar del  mas que de las  y del   pero aun asi lo que importa es que uno los esos 2 equipos quedar√° campeon mientras que la aficion del am√©rica se conforman a que se hable mas de ellos por su fracaso,negativo
     ha regios endejos brillan,neutral
rt   bienvenido que venga a aprender aqu√≠ en el  todos pueden venir a cargarla mientras se educan,neutral
   jajajaja  exacto  cabron  mejor dicho no puede ser ,positivo
  prefiero a diego cocca y que se vaya ba√±os,neutral
rt    y ba√±os para cu√°ndo lo corren  fuerabanos,neutral
  tqm tano,neutral
   no mms le pagaban a roger 8mdd por caminar la cancha yo pongo 1m para el mu√±eco aunque sea 1m de picafresas kak√°,negativo
     de aguador puede servir,neutral
  el americanismo espera el fuerabanos,neutral
  es bueno para el f√∫tbol argentino,positivo
"    as√≠ es igual que los arjentinos
boca y river son equipos de medio pelo en el resto del mundo
fuera de arjenzuela nadie los conoce",neutral
  es un t√©cnico caro creo que  haciendo un esfuerzo lo puede pagar y luego el mu√±eco va a querer armar el equipo a su gusto y con checera abierta ah√≠ el principal problema el mu√±eco no va a querer dirigir a los reyes y a araujo,positivo
 no entiendan si ciclo con  termino,negativo
" lamentable p√©rdida la de tina  
tambi√©n muy lamentable que  a√∫n este en ",negativo
   aguirogitigres,neutral
"   tu franc√©s tu nico de cristal castillo tu cabezita
disque bombas que cuestan 10millones valen pa pura riata si quieres y club con fichajes caros vete a monterrey
pero mira que eso vale pa pura verg4 en esta liga
tan solo mira el pachuca que sin mucho dinero fue campe√≥n",negativo
      no se pero desgraciadamente a ti si te creo,negativo
"rt  tenemos boletos para el clasiconacional    

c√≥mo participar 

1dale rt a este posteo
2",neutral
   no des ideas,negativo
 dep  desde que tenemos a  de directivo y un due√±o sin personalidad,neutral
  como la ves necesitan hablar del america si no ni quien los vea igualmente jorge ,negativo
   haznos un favor y as√≠ como le dejaste de ir al cruz azul d√©jale de ir al am√©rica pinche salado de mierda eres un jon√°s cabron,negativo
  totalmente y el pedo es que un l√≠der no llega as√≠ directamente y ya tiene que ser alguien con car√°cter y que se vaya ganando el respeto de los jugadores con el tiempo o sea va para largo pss ,negativo
rt    ni existe tal situaci√≥n s√≥lo es una buena confusi√≥n que desataron los antiamericanistas para desco,neutral
  eres la burla no tendencia,negativo
"rt   guerreros con alas 

gibr√°n araige reportero de tudn cubre al  
ayer habl√≥ de 2 jugadores de ",neutral
  aquino vale 35 millones los del santos valen 5 millones cada uno estas bien de la cabeza,neutral
  no cuentan con el presupuesto aunque dinero si tienen para pagar lo que cobra ese dt sean realistas,negativo
rt  es d√≠a de felicitar a uno de los m√°s grandes americanistas de la historia felicidades idolazo  el maximo anotador,positivo
"      no no te golpear√≠a jam√°s 
caer en provocaciones es un error que puede traer muchas consecuencias no es bueno subestimar amigo adem√°s pens√°ndolo bien nuevamente ser√≠a golpear a un discapacitado entonces ser√≠a doble problema ",negativo
     si te creo,neutral
"rt  y si te llaman de coapa mano 

les gustar√≠a ver a javier aguirre dirigiendo al   ",neutral
  pero seguir√° y seguir√° y seguir√° aunque el am√©rica llegu√© a 10 a√±os sin ganar nada,positivo
     yo no extra√±o a camberos me alegr√≥ su salida no el motivo y am√©rica ha demostrado mucho f√∫tbol este torneo no todo es goles s√≠ eso te hace ganar pero no todo es goles el temporada se pudo empatar con tigres no pudieron anotar y por momentos se ve√≠an mal todo es posible,negativo
rt   y del  con ando tenemos noticias pinche cara de cuyo vales absolutamente verga jajajajajaja,neutral
  si por algo somos el campeonisimo  pero hay q selebrar el hoy y hoy los samcamos y quedar√° para la historia pero q mediocre q quieras sedar tu dolor q quedaron fuera de esta manera y diciendo q se habla m√°s del dt del amierdica q la final pero en fin patadas de ahogado,negativo
   ni en sue√±os adem√°s la filosof√≠a degallardo no va con la del equipillo de coapa,negativo
" oye grandisimo cagon de mierda  seguimos esperando que corras al pendejo que tienes como presidente de  m√°ndalo al
programa hoy o lo que sea pero s√°calo de coapa ya vamos para 6 a√±os de puros fracasos",negativo
  pues si encabrona pero no se puede hacer nada somos simples aficionados que le valemos  al due√±o  ej cuantos a√±os llevamos pidiendo la salida de ba√±os ya se los dije no vayan al estadio no compren el nuevo jersey no abonos no ver los primeros 3 de local,negativo
buenas noches se√±ores saludoscon ustedes todo el d√≠a el d√≠a es feliz hay recomiendenmen por si van a querer una remodelaci√≥n saludos y arriba el vergonzosoclubamerica      ,positivo
"  nunca tuvieron la posibilidad de seducir a cualquier entrenador del mundo

tampoco exageremos 

la diferencia es que los equipos mexicanos crecieron econ√≥micamente y ahora hay mas competencia entre ellos por comprar jugadores",negativo
"nueva aguila

   tras el fracaso en semis el conjunto de coapa busca armar un equipo campe√≥n y dentro de sus planes esta el joven lateral de los tuzos kevin alvarez se dice que el valor del jugador estar√≠a en 10md

rendir√≠a en el am√©rica

si 
no  ",negativo
  si,neutral
  no es para el am√©rica,negativo
  seria el tecnico ideal para dirigir al mas grande de mexico,positivo
   alonso el que no convoco a cabeza brayan y caceres para el mundial 2022 supongo que estos tres lo van a recibir con los brazos abiertos ,negativo
rt  ahorita estuvi√©ramos nerviosos por la final y con esa sensaci√≥n de que se pod√≠a ganar pero se les ocurri√≥ cagarse el domingo,positivo
     a los tigres tambi√©n le robaron unohubieran mamado comoquiera,neutral
    entonces los dt argentinos no saben dirigir seg√∫n t√∫ xd,negativo
   c√°llate y sirve mis bebidas  ,neutral
  s√≠,positivo
  hijo de toda tu put√≠sima madre nos hechaste a perder el torneo kgon de mierda,negativo
    ya deja de hablar de tigres no pasa nada di dejas de hacerlo vas a seguir respirando bro,negativo
  mms wikipedia cualquier puede modificar eso,neutral
"alguien ocupa un asador para el domingo
por razones personales yo ya no lo voy a ocupar


 ",negativo
  si buena apuesta ,neutral
" gracias de queeeee
tiempo perdido mentalidad mediocre nomejodan jaja

si quieren hacer algo bien y en serio saquen a ba√±os y traigan a diego cocca para empezar",positivo
  am√©rica ten√≠a todo para ganar la 14 todos por confiandos paso eso hasta la misma afici√≥n ya se sent√≠an en la final uno que otro dec√≠a paso a paso de ganar la 14 hoy chivas est√° m√°s cerca si no ya casi tiene a segurado la 13 eyos,positivo
  mvm,neutral
   en lugar de nico d√≠az ser√≠a mejor licha l√≥pez tambi√©n de xolos,positivo
  la diferencia es que el √∫ltimo america de solari jugaba del asco ni jugaba a nada y todos los torneos del tano fuero jugando excelente solo fue mala suerte y m√≠nimos errores que costaron caro,positivo
      pues m√°s que preocupados por su asistencia a los estadios deber√≠amos estarlo por tenerlo trabajando en una instancia de  impartici√≥n de justicia su conducta y la forma de promoverse en las redes indica que es un pobre imb√©cil,negativo
"rt     definici√≥n actual sobre democracia de adam przeworski

un arreglo pol√≠tico en el",neutral
rt     la oposici√≥n y el poder judicial est√°n realizando una guerra jur√≠dica lawfare,negativo
 dan pena vendidos dediquense a otra cosa les falto coraz√≥n a la camiseta huevos y saber jugar,negativo
    hay diferencia as√≠ que ganen el domingo y hablamos,neutral
  no ha ganado nada como le pas√≥ en pumas,positivo
   y  son los capitanes de este  y son los primeros q se esconden en liguilla pero no los critiques xq la afici√≥n los defiende q a cuauht√©moc blanco dicen q pobre henry a trabajado en q sigue igual sin marcar diferencia en liguilla,negativo
" y  estos par√°sitos no pueden seguir en el  se tienen que largar pero ya estos inservibles


 




 

",negativo
"rt  ùêåùêöùê´ùêúùêöùêùùê®ùê´ ùêÖùê¢ùêßùêöùê•

viviresincre√≠ble ",neutral
   no quizo venderlo barato y en abonos a roger al boca jrs y ahora se fue gratis el pensamiento d ba√±os no dar nada barato aunque se vaya gratis,neutral
 que pena dan este tipo de disque profesionales que protegen un gol y les meten 3 ese juego esta mas que vendido,neutral
     seguro le va al am√©rica jajajajaajaa,positivo
  nooooo    este t√©cnico  es traposo vende equipos dejen a esa basura de  all√° lejos donde esta que robe all√°,neutral
 mi estimado patr√≥n cara de cuyo  de verdad ya pi√©nsele bien en el  neta ya le queda grande el club a ,positivo
   noooooooooooooooooooooooooooooooooo9,neutral
   si aqui esta un ,neutral
    en lo mas m√≠nimo se comparan river es un grande e hist√≥rico equipo a nivel mundial tiene una historia impresionante de t√≠tulos locales e internacionales el am√©rica fuera de m√©xico y estados unidosni sus luces,positivo
     de lo mejor de televisa,positivo
  al tano no le gan√≥ la necedad y la pendejez de rafa puente que se aferraba a seguir a pesar de no jugar ni madres,negativo
   yo creo ,neutral
 pues   dio en sacrificio a el  y no sirvi√≥ de nada,negativo
  claro,positivo
     cuando la diferencia sea como la del real madrid y barcelona la abres mientras cierrala ,neutral
 mejor ya corra a  patr√≥n deje de dar condolencias a extranjeros y ponga mano dura en  ,positivo
   mira  tu casa jajajaja ,neutral
  mucha verborrea ,neutral
  que no hay defensas y laterales en la cantera,negativo
   ve a cagar mejor mijo que el culo no es bodega ,negativo
imaginense que el  abre la cartera y trae a lo siguiente carlos vela gallardo y qui√±ones pufff,neutral
 est√°s haciendo una  del  ,neutral
  si no hubiera que pagar cl√°usula de recision si porque luego parace que nos est√°n haciendo un favor,positivo
   ya wey te vez rid√≠culo ,negativo
" un sector de la afici√≥n del  es de verdad incre√≠ble
la √©poca de poder comprar a cualquier jugador o seducir a cualquier entrenador del mundo a base de billetazos concluy√≥
debemos entender que el equipo no tiene el presupuesto de anta√±o y ser realistas",negativo
    claro por eso somos los m√°s ganadores pero hablaba de los √∫ltimos a√±os,positivo
  las wilas no van ha  ser campeones a un que traigan a guardiola es el coraje que tienen los wilos periodistas de        y muchos m√°s y que   con sus entrenadores no opaca la final jajaja jajaja wilos,positivo
rt        la verdad si es dif√≠cil de asimilar pero se va,negativo
  exactamente cu√°l final como siempre el  marcando la agenda del f√∫tbol mexicano saludos clau,positivo
    no es la primera compa y de ustedes tampoco,negativo
 siempre ha sido de esa forma solo  no entiende donde esta el ,negativo
  ja ja ja     gallardo   ni los pela,neutral
 los vendidos de  y  les vendieron esa alegr√≠a y santander la continuar√° ,positivo
 ares de praga y lillini juntos otra vez  pinche  y pinche  valen para pura  inche bola de vendidos igual de vendidos que  y   ,neutral
en menos de 24 horas ya tuiteo 2 veces sobre el verdadero grande de mexico  mejor c√©ntrate en tus chivas y deja en paz al  ,positivo
    hasta que se les va a hacer vivirla del otro lado y a nosotros tambi√©n,neutral
   con todo el coraz√≥n amigo,neutral
   en qu√© equipo juegas para apoyarte,neutral
  por primera vez en mucho tiempo entraron a la liguilla siempre pelean descenso ,negativo
  nel  yo voy m√°s con el profe alfaro,neutral
    mentiras no son jaja,positivo
 jaja ya superen al am√©rica en lugar de estar disfrutando de que van a jugar la final no dejan en pensar en el   ,positivo
  pan con lo mismo mientras televisa controle el f√∫tbol mexicano seguir√° siendo una basura,neutral
  pues no,negativo
  no hubieras seguido √≥rdenes vale m√°s la afici√≥n que la corrupcion pero bien por no querer ser parte de eso,negativo
vamosamerica   ,neutral
    ahi los tiene solo que no los mete,negativo
  no te alcanza,negativo
ahorita estuvi√©ramos nerviosos por la final y con esa sensaci√≥n de que se pod√≠a ganar pero se les ocurri√≥ cagarse el domingo  ,positivo
"tres d√≠as han pasado y sigo sin entender como se cagaron  
 
chinguen bien a su madre  ",negativo
  que no este sonaba para el chelsea y no se que otros equipos y va a terminar en el america,negativo
 el vasco es el dt m√°s grande vende humo no sabe llevar las presiones de equipos muy medi√°ticos adem√°s √©l se siente feliz digiriendo equipos que pelean descenso y viviendo en espa√±a si lo contrata el  no se sale campe√≥n,positivo
   no me juzgues jajajajaja ,negativo
      la verdad si es dif√≠cil de asimilar pero se va a ir  nos di√≥ much√≠simas alegr√≠as grande ,negativo
